id,title,score,num_comments,author,created_utc,url,over_18,edited,spoiler,stickied
1gugtv6,Stop stealing my teams work..,158,63,NotEAcop,2024-11-18 21:58:54,https://www.reddit.com/r/dataengineering/comments/1gugtv6/stop_stealing_my_teams_work/,False,False,False,False
1gud4jq,What are the best books to read and grow as a data engineer?,117,44,IvanLNR,2024-11-18 19:25:31,https://www.reddit.com/r/dataengineering/comments/1gud4jq/what_are_the_best_books_to_read_and_grow_as_a/,False,False,False,False
1gu5zpy,"Is there truly a usable self-serve BI tool, or are they all just complete crap?",63,59,gangana3,2024-11-18 14:30:19,https://www.reddit.com/r/dataengineering/comments/1gu5zpy/is_there_truly_a_usable_selfserve_bi_tool_or_are/,False,False,False,False
1gu678o,Wide data?,41,34,bjogc42069,2024-11-18 14:39:51,https://www.reddit.com/r/dataengineering/comments/1gu678o/wide_data/,False,False,False,False
1gu2zuc,Switching from SSIS to azure factory ,32,16,svala21,2024-11-18 11:52:44,https://www.reddit.com/r/dataengineering/comments/1gu2zuc/switching_from_ssis_to_azure_factory/,False,False,False,False
1gumnqv,Data Analytics Newsletter,7,3,abedjeff4ever,2024-11-19 02:26:18,https://www.reddit.com/r/dataengineering/comments/1gumnqv/data_analytics_newsletter/,False,False,False,False
1gu28nm,Corporate Politics - SAP Analytics vs. Data Lakehouse,9,5,Nerula,2024-11-18 11:01:56,https://www.reddit.com/r/dataengineering/comments/1gu28nm/corporate_politics_sap_analytics_vs_data_lakehouse/,False,False,False,False
1gumnhb,What's a site that you wish had an API?,8,26,nextdoorNabors,2024-11-19 02:25:54,https://www.reddit.com/r/dataengineering/comments/1gumnhb/whats_a_site_that_you_wish_had_an_api/,False,False,False,False
1gu4i1b,Next steps in career after Data Engineering position,8,4,Astherol,2024-11-18 13:18:51,https://www.reddit.com/r/dataengineering/comments/1gu4i1b/next_steps_in_career_after_data_engineering/,False,False,False,False
1gtz7cq,Need help in finding suitable Data lake options in Google Cloud,4,1,Spiritual-Bar-4007,2024-11-18 07:10:43,https://www.reddit.com/r/dataengineering/comments/1gtz7cq/need_help_in_finding_suitable_data_lake_options/,False,False,False,False
1guhr1r,Breaking into Big tech,5,12,createdforsat,2024-11-18 22:37:35,https://www.reddit.com/r/dataengineering/comments/1guhr1r/breaking_into_big_tech/,False,False,False,False
1guezfr,Any additions to tech stack?,6,2,RecommendationOk3272,2024-11-18 20:42:25,https://www.reddit.com/r/dataengineering/comments/1guezfr/any_additions_to_tech_stack/,False,False,False,False
1gu9fxi,Data Engineer v. Associate Data scientist role,5,2,Automaticoctopus,2024-11-18 16:58:04,https://www.reddit.com/r/dataengineering/comments/1gu9fxi/data_engineer_v_associate_data_scientist_role/,False,False,False,False
1gu41sd,Book recommendations - python data engineering. ,5,9,Humble_Ostrich_4610,2024-11-18 12:55:23,https://www.reddit.com/r/dataengineering/comments/1gu41sd/book_recommendations_python_data_engineering/,False,False,False,False
1gunddr,Change data capture with large messages ,3,2,WildAd9880,2024-11-19 03:02:34,https://www.reddit.com/r/dataengineering/comments/1gunddr/change_data_capture_with_large_messages/,False,False,False,False
1gucofa,Steaming pipeline resource,2,1,critical_thinker3,2024-11-18 19:07:33,https://www.reddit.com/r/dataengineering/comments/1gucofa/steaming_pipeline_resource/,False,False,False,False
1gulfxv,Project question/advice needed,2,3,Spiritual-Battle5723,2024-11-19 01:25:11,https://www.reddit.com/r/dataengineering/comments/1gulfxv/project_questionadvice_needed/,False,False,False,False
1guguyc,Databricks DLT and removing the data it brings over,2,2,texox26798,2024-11-18 22:00:07,https://www.reddit.com/r/dataengineering/comments/1guguyc/databricks_dlt_and_removing_the_data_it_brings/,False,False,False,False
1gu4djs,Blogs on ML amd data engineering ,4,0,Nandishaivalli,2024-11-18 13:12:18,https://1bytenand.hashnode.dev/,False,False,False,False
1guq65w,Programatically create Airflow DAGs via API?,1,0,OmarasaurusRex,2024-11-19 05:37:40,https://www.reddit.com/r/dataengineering/comments/1guq65w/programatically_create_airflow_dags_via_api/,False,False,False,False
1guf784,Suggestions needed for upskilling in Spark using Scala,1,5,Confident-Ratio6382,2024-11-18 20:51:41,https://www.reddit.com/r/dataengineering/comments/1guf784/suggestions_needed_for_upskilling_in_spark_using/,False,False,False,False
1gudmdl,Shift to Cloud Engineering vs DE,1,1,Leather_Nothing2444,2024-11-18 19:46:06,https://www.reddit.com/r/dataengineering/comments/1gudmdl/shift_to_cloud_engineering_vs_de/,False,False,False,False
1gu04h8,Cloud technologies updates,1,0,meanthesong,2024-11-18 08:19:17,https://www.reddit.com/r/dataengineering/comments/1gu04h8/cloud_technologies_updates/,False,False,False,False
1gtzjhf,Data quality conundrum,1,5,shazaamzaa83,2024-11-18 07:34:45,https://www.reddit.com/r/dataengineering/comments/1gtzjhf/data_quality_conundrum/,False,False,False,False
1gubypo,Unlock Databricks Cost Transparency,0,0,noasync,2024-11-18 18:39:13,https://medium.com/sync-computing/unlock-databricks-cost-transparency-dd54d75991ec,False,False,False,False
1gu7a3h,SAP Note 3255746,0,1,salamanta,2024-11-18 15:27:56,https://www.reddit.com/r/dataengineering/comments/1gu7a3h/sap_note_3255746/,False,False,False,False
1gufoz8,How do you pronounce Parquet?,0,9,Touvejs,2024-11-18 21:12:01,https://www.reddit.com/r/dataengineering/comments/1gufoz8/how_do_you_pronounce_parquet/,False,False,False,False
1guddiz,Agree on this market's future?,0,11,Leather_Nothing2444,2024-11-18 19:35:54,https://www.reddit.com/r/dataengineering/comments/1guddiz/agree_on_this_markets_future/,False,False,False,False
1gu9d6v,Do American companies recruit fresh DE graduates from foreign countries ?,0,14,_Balkis,2024-11-18 16:54:50,https://www.reddit.com/r/dataengineering/comments/1gu9d6v/do_american_companies_recruit_fresh_de_graduates/,False,False,False,False
